,name,link
0,Абашева Александра Сергеевна,https://www.hse.ru/org/persons/485801
1,Авраменко Иван Александрович,https://www.hse.ru/org/persons/99247481
2,Агаркова Наталия Владиславовна,https://www.hse.ru/org/persons/28123133
3,Айхбергер Юрген Томас Германн,https://www.hse.ru/org/persons/359359486
4,Александров Владимир Анатольевич,https://www.hse.ru/org/persons/420359428
5,Алексеева Лариса Николаевна,https://www.hse.ru/org/persons/66770114
6,Аленина Карина Анатольевна,https://www.hse.ru/org/persons/202287
7,Алова Надежда Владимировна,https://www.hse.ru/org/persons/28123313
8,Андреева Ольга Юрьевна,https://www.hse.ru/org/persons/152893083
9,Андрианов Игорь Владимирович,https://www.hse.ru/org/persons/223725475
10,Андрианова Татьяна Алексеевна,https://www.hse.ru/org/persons/202256
11,Антинескул Ольга Леонидовна,https://www.hse.ru/org/persons/202178
12,Анфёрова Екатерина Александровна,https://www.hse.ru/org/persons/27271002
13,Артемьев Дмитрий Геннадьевич,https://www.hse.ru/org/persons/452094
14,Архипов Валерий Михайлович,https://www.hse.ru/org/persons/189041
15,Афонина Александра Алексеевна,https://www.hse.ru/org/persons/101505666
16,Бабенко Юлия Леонидовна,https://www.hse.ru/staff/iulbabenko
17,Баранова Людмила Алексеевна,https://www.hse.ru/org/persons/46276719
18,Баранова Ольга Сергеевна,https://www.hse.ru/org/persons/211475961
19,Барахас Анхель,https://www.hse.ru/staff/barajas
20,Барклянская Надежда Владимировна,https://www.hse.ru/org/persons/202235
21,Безрукова Татьяна Александровна,https://www.hse.ru/org/persons/307172453
22,Белых Светлана Александровна,https://www.hse.ru/org/persons/26657001
23,Беляева Татьяна Николаевна,https://www.hse.ru/org/persons/30488619
24,Береснева Татьяна Анатольевна,https://www.hse.ru/org/persons/28123640
25,Бисерова Анастасия Павловна,https://www.hse.ru/org/persons/225517739
26,Богаченко Лариса Викторовна,https://www.hse.ru/org/persons/47123196
27,Божья-Воля Анастасия Александровна,https://www.hse.ru/org/persons/7527968
28,Борисова Елена Феликсовна,https://www.hse.ru/org/persons/28123760
29,Бородулин Игорь Леонидович,https://www.hse.ru/staff/iborodulin
30,Брюхина Евгения Рафиковна,https://www.hse.ru/org/persons/44225274
31,Бузмаков Алексей Владимирович,https://www.hse.ru/staff/abuzmakov
32,Букина Татьяна Витальевна,https://www.hse.ru/org/persons/140098
33,Бурдина Юлия Андреевна,https://www.hse.ru/org/persons/27271056
34,Быков Алексей Сергеевич,https://www.hse.ru/org/persons/244568218
35,Быкова Анна Андреевна,https://www.hse.ru/staff/Anna_Bykova
36,Быстрых Ольга Валерьевна,https://www.hse.ru/org/persons/29168623
37,Василенко Дарья Владимировна,https://www.hse.ru/org/persons/401783546
38,Василенко Юрий Владимирович,https://www.hse.ru/org/persons/26123670
39,Вачегина Анна Сергеевна,https://www.hse.ru/org/persons/28887854
40,Ведерников Василий Владимирович,https://www.hse.ru/org/persons/202436
41,Викентьева Ольга Леонидовна,https://www.hse.ru/org/persons/202354
42,Вилесова Елена Сергеевна,https://www.hse.ru/org/persons/212426774
43,Виноградов Дмитрий Владимирович,https://www.hse.ru/org/persons/218734657
44,Виноградова Лидия Дмитриевна,https://www.hse.ru/org/persons/318871021
45,Власов Виктор Антонович,https://www.hse.ru/org/persons/190880720
46,Власов Вячеслав Сергеевич,https://www.hse.ru/org/persons/28123987
47,Возиян Татьяна Юрьевна,https://www.hse.ru/org/persons/197240820
48,Володина Галина Емельяновна,https://www.hse.ru/staff/volodina
49,Вохмина Виктория Леонидовна,https://www.hse.ru/staff/VLZarubskaia
50,Гагарина Динара Амировна,https://www.hse.ru/org/persons/218734686
51,Геворгян Мария Анатольевна,https://www.hse.ru/org/persons/206395770
52,Георгиева Наталия Юрьевна,https://www.hse.ru/org/persons/202238
53,Гергерт Дмитрий Владимирович,https://www.hse.ru/staff/dgergert
54,Глушакова Софья Оскаровна,https://www.hse.ru/org/persons/202241
55,Глушков Александр Владимирович,https://www.hse.ru/org/persons/137228431
56,Глущенко Наталья Алексеевна,https://www.hse.ru/org/persons/150617764
57,Гоголев Степан Леонидович,https://www.hse.ru/staff/SGogolev
58,Гоменюк Наталья Викторовна,https://www.hse.ru/org/persons/161323066
59,Горбунова Екатерина Юрьевна,https://www.hse.ru/org/persons/202194241
60,Гордеев Юрий Матвеевич,https://www.hse.ru/org/persons/6079609
61,Горшков Олег Владимирович,https://www.hse.ru/org/persons/305070607
62,Грабарь Вадим Валерьевич,https://www.hse.ru/org/persons/202163
63,Графова Галина Михайловна,https://www.hse.ru/org/persons/28124259
64,Гужева Елена Анатольевна,https://www.hse.ru/org/persons/28124433
65,Гукасян Вероника Антоновна,https://www.hse.ru/org/persons/225528515
66,Гусейнова Эльзара Расимовна,https://www.hse.ru/org/persons/28124451
67,Гусинская Светлана Вацлавовна,https://www.hse.ru/org/persons/28124468
68,Гущин Валерий Рафаилович,https://www.hse.ru/org/persons/34616611
69,Давыдова Татьяна Федоровна,https://www.hse.ru/org/persons/13243443
70,Дацун Наталья Николаевна,https://www.hse.ru/org/persons/254666952
71,Деньгина Елизавета Дмитриевна,https://www.hse.ru/org/persons/166761362
72,Дерябин Александр Иванович,https://www.hse.ru/org/persons/202357
73,Дерябина Екатерина Семеновна,https://www.hse.ru/org/persons/44225482
74,Джидалаева Полина Андреевна,https://www.hse.ru/org/persons/307244597
75,Долганова Александра Святославовна,https://www.hse.ru/org/persons/208496753
76,Дорожевская Елена Васильевна,https://www.hse.ru/org/persons/125433316
77,Дубасов Андрей Алексеевич,https://www.hse.ru/org/persons/426816264
78,Ерахтина Ольга Сергеевна,https://www.hse.ru/org/persons/202294
79,Еремеев Сергей Иванович,https://www.hse.ru/org/persons/143807043
80,Еремин Евгений Александрович,https://www.hse.ru/org/persons/308980293
81,Ершова Татьяна Владимировна,https://www.hse.ru/org/persons/27245907
82,Ефименко Матвей Александрович,https://www.hse.ru/org/persons/186338961
83,Ефименко Юлия Александровна,https://www.hse.ru/org/persons/34616653
84,Женина Ольга Николаевна,https://www.hse.ru/org/persons/212234580
85,Жукова Наталья Юрьевна,https://www.hse.ru/org/persons/189605
86,Журавель Ирина Петровна,https://www.hse.ru/org/persons/28124808
87,Завадская Елена Петровна,https://www.hse.ru/org/persons/6000380
88,Завертяева Марина Александровна,https://www.hse.ru/staff/ZavertiaevaMA
89,Заворохин Михаил Леонидович,https://www.hse.ru/org/persons/245538333
90,Загороднова Екатерина Павловна,https://www.hse.ru/org/persons/14954208
91,Загуменнова Анастасия Павловна,https://www.hse.ru/org/persons/215704915
92,Замятина Елена Борисовна,https://www.hse.ru/org/persons/14643309
93,Захаров Игорь Юрьевич,https://www.hse.ru/org/persons/189047
94,Захарова Ирина Иосифовна,https://www.hse.ru/org/persons/26456617
95,Зобнина Елена Сергеевна,https://www.hse.ru/org/persons/65814100
96,Золин Александр Васильевич,https://www.hse.ru/org/persons/191262885
97,Зуева Елена Львовна,https://www.hse.ru/org/persons/190295
98,Иванов Анатолий Прокопьевич,https://www.hse.ru/org/persons/202327
99,Ильин Иван Вадимович,https://www.hse.ru/org/persons/315066550
100,Исмакаева Илиана Дамировна,https://www.hse.ru/org/persons/306945953
101,Исопескуль Ольга Юрьевна,https://www.hse.ru/org/persons/485894
102,Кабиокова Алла Юрьевна,https://www.hse.ru/org/persons/205801385
103,Казанцева Влада Андреевна,https://www.hse.ru/org/persons/190891424
104,Калявина Ирина Николаевна,https://www.hse.ru/org/persons/26335110
105,Каменских Алексей Александрович,https://www.hse.ru/org/persons/44225753
106,Капгер Татьяна Викторовна,https://www.hse.ru/org/persons/28125208
107,Караваева Юлия Станиславовна,https://www.hse.ru/org/persons/135717187
108,Карелина Елена Александровна,https://www.hse.ru/org/persons/202106
109,Карнаухова Екатерина Андреевна,https://www.hse.ru/org/persons/305084994
110,Карпович Марина Валерьевна,https://www.hse.ru/org/persons/27271388
111,Кашин Дмитрий Викторович,https://www.hse.ru/staff/dvkashin
112,Кених Гузель Халимовна,https://www.hse.ru/org/persons/96896702
113,Кетова Анастасия Ивановна,https://www.hse.ru/org/persons/28125371
114,Кизима Мария Александровна,https://www.hse.ru/org/persons/237482984
115,Кимерлинг Анна Семеновна,https://www.hse.ru/org/persons/34616773
116,Кирдянова Елена Владимировна,https://www.hse.ru/org/persons/26285321
117,Кирпищиков Дмитрий Андреевич,https://www.hse.ru/org/persons/137305993
118,Климова Наталья Михайловна,https://www.hse.ru/org/persons/278708097
119,Клюев Никита Александрович,https://www.hse.ru/org/persons/229359780
120,Ковалева Анна Юрьевна,https://www.hse.ru/org/persons/26958638
121,Ковалева Ирина Геннадьевна,https://www.hse.ru/org/persons/27271427
122,Козлов Сергей Александрович,https://www.hse.ru/org/persons/14564600
123,Колодкина Юлия Игоревна,https://www.hse.ru/org/persons/160974191
124,Колос Илона Ромуальдовна,https://www.hse.ru/org/persons/202121
125,Кольцова Оксана Леонидовна,https://www.hse.ru/org/persons/68365011
126,Кондратьева Ксения Сергеевна,https://www.hse.ru/org/persons/134305607
127,Кончакова Татьяна Юрьевна,https://www.hse.ru/org/persons/27271476
128,Корнева Екатерина Анатольевна,https://www.hse.ru/org/persons/337124569
129,Корниенко Сергей Иванович,https://www.hse.ru/org/persons/280814792
130,Корягин Александр Валерьевич,https://www.hse.ru/org/persons/231726974
131,Костарева Елена Вячеславовна,https://www.hse.ru/org/persons/202253
132,Костров Александр Евгеньевич,https://www.hse.ru/org/persons/66770366
133,Котомина Ольга Викторовна,https://www.hse.ru/org/persons/6099752
134,Коутс Деннис Крейг,https://www.hse.ru/org/persons/127023080
135,Кощеев Дмитрий Александрович,https://www.hse.ru/org/persons/65822746
136,Краучер Стивен Майкл,https://www.hse.ru/org/persons/352077488
137,Крашенинникова Юлия Александровна,https://www.hse.ru/org/persons/19347734
138,Крючков Михаил Викторович,https://www.hse.ru/org/persons/27271585
139,Кузнецов Денис Борисович,https://www.hse.ru/org/persons/103793196
140,Куликова Софья Петровна,https://www.hse.ru/staff/spkulikova
141,Курганов Максим Андреевич,https://www.hse.ru/org/persons/65824817
142,Кушев Вадим Олегович,https://www.hse.ru/staff/vkushev
143,Кычкин Алексей Владимирович,https://www.hse.ru/org/persons/195489403
144,Лавренчук Елена Николаевна,https://www.hse.ru/org/persons/202297
145,Левина Татьяна Николаевна,https://www.hse.ru/org/persons/80799869
146,Легостаева Валентина Николаевна,https://www.hse.ru/org/persons/137314408
147,Леонтьева Дарья Станиславовна,https://www.hse.ru/org/persons/190899323
148,Литвин Василий Александрович,https://www.hse.ru/org/persons/99101513
149,Литвинова Юлия Андреевна,https://www.hse.ru/org/persons/190899666
150,Лобанов Сергей Васильевич,https://www.hse.ru/org/persons/202169
151,Логинова Валерия Валерьевна,https://www.hse.ru/org/persons/26435938
152,Лопес Итурриага Феликс Хавьер,https://www.hse.ru/org/persons/127023063
153,Лузгина Татьяна Георгиевна,https://www.hse.ru/org/persons/28125997
154,Лукиных Александра Николаевна,https://www.hse.ru/org/persons/91418362
155,Лукьянов Михаил Николаевич,https://www.hse.ru/org/persons/332634304
156,Лыкова Наталья Васильевна,https://www.hse.ru/org/persons/243296467
157,Лядов Юрий Александрович,https://www.hse.ru/staff/ualyadov
158,Лядова Людмила Николаевна,https://www.hse.ru/org/persons/14562457
159,Малиновская Светлана Ивановна,https://www.hse.ru/org/persons/59040599
160,Мальцев Александр Александрович,https://www.hse.ru/org/persons/28888189
161,Мальцева Мария Александровна,https://www.hse.ru/org/persons/28126199
162,Манокин Михаил Андреевич,https://www.hse.ru/staff/mmanokin
163,Марквирер Владлена Дмитриевна,https://www.hse.ru/org/persons/137318400
164,Мармыш Сергей Борисович,https://www.hse.ru/org/persons/6360205
165,Масленников Пётр Николаевич,https://www.hse.ru/org/persons/31555142
166,Матвеев Владимир Анатольевич,https://www.hse.ru/org/persons/26498658
167,Матвеева Ольга Владимировна,https://www.hse.ru/org/persons/28888201
168,Маткин Никита Андреевич,https://www.hse.ru/org/persons/401622988
169,Микрюков Максим Юрьевич,https://www.hse.ru/org/persons/99101650
170,Мингалев Виталий Викторович,https://www.hse.ru/org/persons/73350919
171,Минина Ксения Александровна,https://www.hse.ru/org/persons/26863310
172,Мироненко Наталья Сергеевна,https://www.hse.ru/org/persons/64059300
173,Михеева Ирина Вячеславовна,https://www.hse.ru/org/persons/201844
174,Мокринский Артур Викторович,https://www.hse.ru/org/persons/28126381
175,Молодчик Мария Анатольевна,https://www.hse.ru/org/persons/189393
176,Морозенко Владимир Викторович,https://www.hse.ru/org/persons/202345
177,Морозов Евгений Анатольевич,https://www.hse.ru/org/persons/26436043
178,Морозова Алена Витальевна,https://www.hse.ru/org/persons/202330
179,Морозова Ирина Сергеевна,https://www.hse.ru/org/persons/47635578
180,Мощанская Татьяна Валерьевна,https://www.hse.ru/org/persons/44226183
181,Муратова Ольга Борисовна,https://www.hse.ru/org/persons/28207080
182,Муртазина Полина Александровна,https://www.hse.ru/org/persons/103793216
183,Мухин Олег Игоревич,https://www.hse.ru/org/persons/308065420
184,Нагорная Наталья Николаевна,https://www.hse.ru/org/persons/216359921
185,Найденова Юлия Николаевна,https://www.hse.ru/org/persons/14538835
186,Наймушина Елена Сергеевна,https://www.hse.ru/org/persons/65835969
187,Налескина Дарья Олеговна,https://www.hse.ru/org/persons/181150798
188,Некрасова Надежда Андреевна,https://www.hse.ru/org/persons/26350897
189,Немцева Екатерина Юрьевна,https://www.hse.ru/org/persons/65836784
190,Новикова Ольга Викторовна,https://www.hse.ru/staff/olgavinovikova
191,Новикова Татьяна Викторовна,https://www.hse.ru/org/persons/27271880
192,Носкова Юлия Алексеевна,https://www.hse.ru/org/persons/310770793
193,Носов Дмитрий Владимирович,https://www.hse.ru/org/persons/101538612
194,Оболонская Алла Владимировна,https://www.hse.ru/org/persons/12476819
195,Оборин Игорь Геннадьевич,https://www.hse.ru/org/persons/290249581
196,Окулова Елена Эдуардовна,https://www.hse.ru/org/persons/27084722
197,Орлова Ирина Ивановна,https://www.hse.ru/org/persons/202397
198,Останина Татьяна Васильевна,https://www.hse.ru/org/persons/67874612
199,Паклина София Николаевна,https://www.hse.ru/staff/snpaklina
200,Папушина Юлия Олеговна,https://www.hse.ru/org/persons/7161403
201,Паршаков Петр Андреевич,https://www.hse.ru/staff/parshakov
202,Пахомова Лариса Михайловна,https://www.hse.ru/org/persons/202133
203,Пермякова Татьяна Михайловна,https://www.hse.ru/org/persons/202193
204,Пестова Екатерина Львовна,https://www.hse.ru/org/persons/28126769
205,Петрова Елена Алексеевна,https://www.hse.ru/org/persons/25871031
206,Пигалев Егор Александрович,https://www.hse.ru/org/persons/137327360
207,Пинаев Константин Викторович,https://www.hse.ru/org/persons/225219029
208,Плаксин Михаил Александрович,https://www.hse.ru/org/persons/4200771
209,Плотникова Евгения Григорьевна,https://www.hse.ru/org/persons/202324
210,Плюснин Юрий Михайлович,https://www.hse.ru/org/persons/139849
211,Плюснина Любовь Михайловна,https://www.hse.ru/org/persons/310770773
212,Подледнов Денис Дмитриевич,https://www.hse.ru/org/persons/306946018
213,Поздеева Екатерина Владимировна,https://www.hse.ru/org/persons/202196
214,Полосухина Марина Васильевна,https://www.hse.ru/org/persons/202262
215,Полшков Александр Владимирович,https://www.hse.ru/org/persons/4013448
216,Помелова Ксения Сергеевна,https://www.hse.ru/org/persons/139492691
217,Пономарева Ксения Васильевна,https://www.hse.ru/org/persons/26335399
218,Попова Татьяна Владимировна,https://www.hse.ru/org/persons/64619473
219,Потапов Дмитрий Борисович,https://www.hse.ru/staff/dbpotapov
220,Прасол Алла Брониславовна,https://www.hse.ru/org/persons/202369
221,Пуппе Клеменс Дитер,https://www.hse.ru/org/persons/351802892
222,Рабко Сергей Николаевич,https://www.hse.ru/org/persons/45398391
223,Радионова Марина Владимировна,https://www.hse.ru/org/persons/202336
224,Ратт Татьяна Андреевна,https://www.hse.ru/org/persons/27272016
225,Рачева Ирина Александровна,https://www.hse.ru/org/persons/202199
226,Редькина Анастасия Юрьевна,https://www.hse.ru/org/persons/202452
227,Ремизова Вероника Германовна,https://www.hse.ru/org/persons/307095098
228,Роженцова Елена Владимировна,https://www.hse.ru/staff/rozhentsovaEV
229,Ромашов Павел Андреевич,https://www.hse.ru/org/persons/97726733
230,Рудник Софья Константиновна,https://www.hse.ru/org/persons/46737276
231,Руднова Наталья Александровна,https://www.hse.ru/org/persons/401782859
232,Рустамханова Гульшат Ильдаровна,https://www.hse.ru/org/persons/223985561
233,Ряпина Наталья Евгеньевна,https://www.hse.ru/org/persons/401782889
234,Савинова Надежда Владимировна,https://www.hse.ru/org/persons/227768185
235,Сажина Александра Ильдаровна,https://www.hse.ru/staff/sazhina
236,Салтыкова Анастасия Дмитриевна,https://www.hse.ru/org/persons/101545958
237,Самофеева Екатерина Николаевна,https://www.hse.ru/org/persons/29656457
238,Самсонова Ольга Игоревна,https://www.hse.ru/org/persons/207133982
239,Сахипова Марина Станиславовна,https://www.hse.ru/org/persons/181002765
240,Светлакова Светлана Аркадьевна,https://www.hse.ru/org/persons/407667234
241,Семенова Дарья Владимировна,https://www.hse.ru/org/persons/137339414
242,Сенина Анна Васильевна,https://www.hse.ru/org/persons/401782896
243,Серебренникова Ольга Владимировна,https://www.hse.ru/org/persons/192182051
244,Серебряков Игорь Андреевич,https://www.hse.ru/org/persons/102578236
245,Сироткина Ольга Владимировна,https://www.hse.ru/org/persons/120388137
246,Скорнякова Анна Юрьевна,https://www.hse.ru/org/persons/237065724
247,Скорнякова Татьяна Владимировна,https://www.hse.ru/org/persons/31555465
248,Сметанин Андрей Владимирович,https://www.hse.ru/org/persons/232888838
249,Смирнова Анна Олеговна,https://www.hse.ru/org/persons/341087573
250,Смирнова Елизавета Александровна,https://www.hse.ru/org/persons/6002134
251,Смольянина Елена Анатольевна,https://www.hse.ru/org/persons/103793258
252,Собянин Кирилл Валентинович,https://www.hse.ru/org/persons/343120018
253,Сокерина Анастасия Вячеславовна,https://www.hse.ru/org/persons/137336148
254,Солодникова Елена Александровна,https://www.hse.ru/org/persons/26335623
255,Спильчевская Татьяна Михайловна,https://www.hse.ru/org/persons/28888414
256,Столяров Павел Леонидович,https://www.hse.ru/org/persons/222284053
257,Струков Александр Владимирович,https://www.hse.ru/org/persons/114011462
258,Суворов Александр Олегович,https://www.hse.ru/org/persons/200997905
259,Суворова Анна Александровна,https://www.hse.ru/org/persons/307172437
260,Суслов Андрей Борисович,https://www.hse.ru/org/persons/26628087
261,Суслова Светлана Викторовна,https://www.hse.ru/org/persons/202449
262,Сученинова Татьяна Викторовна,https://www.hse.ru/org/persons/38259096
263,Таранжина Ирина Борисовна,https://www.hse.ru/org/persons/409923307
264,Таранова Екатерина Алексеевна,https://www.hse.ru/org/persons/211475352
265,Тарасова Алена Николаевна,https://www.hse.ru/org/persons/174936197
266,Темиркаева Мария Рифинатовна,https://www.hse.ru/org/persons/137339148
267,Теплых Григорий Васильевич,https://www.hse.ru/org/persons/485812
268,Токарева Ирина Михайловна,https://www.hse.ru/org/persons/211701896
269,Томилова Анна Дмитриевна,https://www.hse.ru/org/persons/225218968
270,Тонкова Елена Вадимовна,https://www.hse.ru/org/persons/28207629
271,Торожнюк Жанна Игоревна,https://www.hse.ru/org/persons/26279924
272,Третьяков Степан Владимирович,https://www.hse.ru/org/persons/26335674
273,Третьякова Вероника Павловна,https://www.hse.ru/org/persons/67875543
274,Третьякова Екатерина Сергеевна,https://www.hse.ru/org/persons/4120618
275,Третьякова Елена Андреевна,https://www.hse.ru/org/persons/202406
276,Трусов Александр Владимирович,https://www.hse.ru/org/persons/308148512
277,Тудакова Татьяна Геннадьевна,https://www.hse.ru/org/persons/49872678
278,Туляков Дмитрий Сергеевич,https://www.hse.ru/org/persons/102578544
279,Турцева Кристина Павловна,https://www.hse.ru/org/persons/101509670
280,Тутынина Ольга Владимировна,https://www.hse.ru/org/persons/82021055
281,Тютюникова Ирина Витальевна,https://www.hse.ru/org/persons/422300545
282,Усталова Ольга Валерьевна,https://www.hse.ru/org/persons/38259137
283,Уткина Татьяна Игоревна,https://www.hse.ru/org/persons/202214
284,Федотов Игорь Николаевич,https://www.hse.ru/org/persons/71561101
285,Федотова Вера Александровна,https://www.hse.ru/org/persons/14256392
286,Фенцель Любовь Алексеевна,https://www.hse.ru/org/persons/28207649
287,Фернандес Хардон Фернандес Карлос Мария,https://www.hse.ru/org/persons/127023087
288,Фёт Штефан,https://www.hse.ru/org/persons/377790662
289,Филина Светлана Александровна,https://www.hse.ru/org/persons/28127903
290,Филиппов Александр Евгеньевич,https://www.hse.ru/org/persons/25275076
291,Филиппова Дарья Андреевна,https://www.hse.ru/org/persons/225587718
292,Филиппова Инна Николаевна,https://www.hse.ru/org/persons/229463234
293,Фролова Ольга Валентиновна,https://www.hse.ru/org/persons/426816248
294,Хромова Елена Борисовна,https://www.hse.ru/org/persons/47124034
295,Хуторянская Наталия Андреевна,https://www.hse.ru/org/persons/56710357
296,Чадов Алексей Леонидович,https://www.hse.ru/org/persons/14642991
297,Чащухин Александр Валерьевич,https://www.hse.ru/org/persons/34518714
298,Черемных Елена Леонидовна,https://www.hse.ru/org/persons/229111581
299,Чистяков Алексей Васильевич,https://www.hse.ru/org/persons/44226875
300,Чунарева Светлана Федоровна,https://www.hse.ru/org/persons/202455
301,Шакина Елена Анатольевна,https://www.hse.ru/staff/eshakina
302,Шакина Марина Анатольевна,https://www.hse.ru/org/persons/25502075
303,Шалгина Екатерина Анатольевна,https://www.hse.ru/org/persons/344698850
304,Шамгунова Юлия Олеговна,https://www.hse.ru/org/persons/221095320
305,Шарафеева Мария Сергеевна,https://www.hse.ru/org/persons/28125797
306,Шардина Ксения Сергеевна,https://www.hse.ru/org/persons/70973075
307,Шафранская Ирина Николаевна,https://www.hse.ru/staff/ishafranskaya
308,Шевелева Марина Сергеевна,https://www.hse.ru/org/persons/202229
309,Шеина Марина Витальевна,https://www.hse.ru/org/persons/190277
310,Шенкман (Попова) Евгения Андреевна,https://www.hse.ru/staff/shenkman
311,Шестакова Екатерина Николаевна,https://www.hse.ru/org/persons/44226919
312,Шестакова Лидия Валентиновна,https://www.hse.ru/org/persons/202366
313,Шиловских Петр Александрович,https://www.hse.ru/org/persons/308147953
314,Шкурихина Ольга Алексеевна,https://www.hse.ru/org/persons/337291165
315,Штенникова Анна Владимировна,https://www.hse.ru/org/persons/69660373
316,Щеколдина Наталья Юрьевна,https://www.hse.ru/org/persons/309288463
317,Щербаков Андрей Анатольевич,https://www.hse.ru/org/persons/45398741
318,Яковлева Вероника Валерьевна,https://www.hse.ru/org/persons/202139
319,Яркова Влада Вячеславовна,https://www.hse.ru/org/persons/386187652
320,Ясницкий Леонид Нахимович,https://www.hse.ru/org/persons/26436550
